network,mode,total_persons,total_persons_generated,unfinished_persons,completion_rate_pct,transit_riders,walk_only,transit_share_pct,rider_avg_travel_time,rider_avg_waiting_time,rider_avg_riding_time,rider_avg_ride_distance_km,rider_avg_walking_time,rider_avg_walking_distance_m,rider_avg_speed_kmh,rider_avg_time_loss,rider_avg_ride_time_loss,rider_avg_walk_time_loss,rider_avg_ride_waiting_time,walker_avg_travel_time,walker_avg_walking_time,walker_avg_walking_distance_m,walker_avg_speed_kmh,walker_avg_time_loss,walker_avg_walk_time_loss,all_avg_travel_time,all_avg_walking_time,all_avg_walking_distance_m,all_avg_speed_kmh,all_avg_time_loss,all_avg_walk_time_loss,bus_count,total_mileage_km,avg_mileage_km,total_customers,avg_customers_per_bus,drt_requests_served,occupied_distance_km,occupancy_rate_pct,vehicle_km,occupied_km,passenger_km,avg_occupancy_pax_per_veh,max_onboard,max_onboard_vehicle_id,km_per_passenger
5x5_DRT3,drt,35,35,0,100.0,35,0,100.0,729.2,469.45714285714286,259.74285714285713,1.8645054285714286,0.0,0.0,9.476697826522976,104.17314285714285,104.17314285714285,0.0,0,0,0,0,0,0,0,729.2,0.0,0.0,9.476697826522976,104.17314285714285,0.0,3,72.98629,24.32876333333333,35,11.666666666666666,35,47.17629,64.6371941908542,72.98629,47.17629,65.25769,1.3832730382147471,3,odVan01,2.0853225714285712
5x5_DRT3,drt,33,33,0,100.0,33,0,100.0,642.8787878787879,357.0,285.8787878787879,1.9368360606060606,0.0,0.0,11.244208895090871,122.06939393939393,122.06939393939393,0.0,0,0,0,0,0,0,0,642.8787878787879,0.0,0.0,11.244208895090871,122.06939393939393,0.0,3,65.55816,21.85272,33,11.0,33,45.205560000000006,68.95489440216139,65.55816,45.205560000000006,63.91559,1.4138878049514263,3,odVan11,1.9866109090909092
5x5_DRT3,drt,22,22,0,100.0,22,0,100.0,655.0454545454545,347.6818181818182,307.3636363636364,2.059076363636363,0.0,0.0,11.802044898604754,135.45681818181816,135.45681818181816,0.0,0,0,0,0,0,0,0,655.0454545454545,0.0,0.0,11.802044898604755,135.4568181818182,0.0,3,53.22308,17.741026666666667,22,7.333333333333333,22,34.1265,64.11973903051083,53.22308,34.1265,45.299679999999995,1.3274048027192942,3,odVan11,2.4192309090909094
5x5_DRT6,drt,59,59,0,100.0,59,0,100.0,667.0169491525423,366.2542372881356,300.76271186440675,2.0251320338983057,0.0,0.0,11.168914969708268,127.62813559322035,127.62813559322035,0.0,0,0,0,0,0,0,0,667.0169491525423,0.0,0.0,11.168914969708268,127.62813559322035,0.0,6,120.17402999999999,20.029004999999998,59,9.833333333333334,59,81.66929999999999,67.95919218153873,120.17402999999999,81.66929999999999,119.48279000000001,1.463007396904345,3,odVan01,2.0368479661016945
5x5_DRT6,drt,64,64,0,100.0,64,0,100.0,662.171875,340.9375,321.234375,2.2094125,0.0,0.0,12.509508251395248,132.62640625,132.62640625,0.0,0,0,0,0,0,0,0,662.171875,0.0,0.0,12.509508251395248,132.62640625,0.0,6,128.00997999999998,21.334996666666665,64,10.666666666666666,64,87.80633,68.59334717496246,128.00997999999998,87.80633,141.4024,1.6103895926409861,4,odVan01,2.0001559374999998
5x5_DRT6,drt,63,63,0,100.0,63,0,100.0,702.5079365079365,382.93650793650795,319.57142857142856,2.143647142857143,0.0,0.0,11.124201588625564,134.59190476190477,134.59190476190477,0.0,0,0,0,0,0,0,0,702.5079365079365,0.0,0.0,11.124201588625565,134.59190476190477,0.0,6,121.76874000000001,20.294790000000003,63,10.5,63,87.449,71.81564004029276,121.76874000000001,87.449,135.04977000000002,1.544326064334641,4,odVan02,1.932837142857143
5x5_DRT15,drt,59,59,0,100.0,59,0,100.0,695.3220338983051,386.10169491525426,309.22033898305085,2.0154962711864406,0.0,0.0,10.824090117781607,130.2964406779661,130.2964406779661,0.0,0,0,0,0,0,0,0,695.3220338983051,0.0,0.0,10.824090117781608,130.2964406779661,0.0,15,115.29307999999999,7.686205333333333,59,3.933333333333333,59,80.94502,70.20804717854706,115.29307999999999,80.94502,118.91428000000003,1.4690746879795697,4,odVan04,1.9541199999999999
5x5_DRT15,drt,64,64,0,100.0,64,0,100.0,671.953125,371.171875,300.78125,2.0347135937500003,0.0,0.0,11.478426537282864,125.52250000000001,125.52250000000001,0.0,0,0,0,0,0,0,0,671.953125,0.0,0.0,11.478426537282862,125.5225,0.0,15,126.30159,8.420106,64,4.266666666666667,64,85.21186,67.4669732978025,126.30159,85.21186,130.22167,1.5282106270183515,4,odVan25,1.97346234375
5x5_DRT15,drt,63,63,0,100.0,63,0,100.0,644.8253968253969,325.5238095238095,319.3015873015873,2.1590138095238096,0.0,0.0,12.102007621409834,130.48460317460317,130.48460317460317,0.0,0,0,0,0,0,0,0,644.8253968253969,0.0,0.0,12.102007621409834,130.4846031746032,0.0,15,123.79921999999999,8.253281333333332,63,4.2,63,85.96960999999999,69.44277193345806,123.79921999999999,85.96960999999999,136.01787000000002,1.5821622315141366,4,odVan01,1.9650669841269839
5x5_DRT15,drt,102,102,0,100.0,102,0,100.0,723.0490196078431,398.8137254901961,324.2352941176471,2.1385801960784314,0.0,0.0,11.042602628826048,136.94529411764705,136.94529411764705,0.0,0,0,0,0,0,0,0,723.0490196078431,0.0,0.0,11.04260262882605,136.94529411764705,0.0,15,185.14653,12.343102,102,6.8,102,140.42427999999998,75.84494292169556,185.14653,140.42427999999998,218.13518,1.5534007366817193,4,odVan05,1.8151620588235295
5x5_DRT15,drt,94,94,0,100.0,94,0,100.0,628.1063829787234,330.4255319148936,297.6808510638298,1.9919476595744676,0.0,0.0,11.710293184729087,125.50627659574468,125.50627659574468,0.0,0,0,0,0,0,0,0,628.1063829787234,0.0,0.0,11.71029318472909,125.50627659574468,0.0,15,169.96362,11.330907999999999,94,6.266666666666667,94,122.36287999999999,71.993571330147,169.96362,122.36287999999999,187.24307999999996,1.5302277945729945,4,odVan05,1.8081236170212764
5x5_DRT15,drt,80,80,0,100.0,80,0,100.0,661.525,344.1,317.425,2.08477675,0.0,0.0,11.724431750152778,126.917625,126.917625,0.0,0,0,0,0,0,0,0,661.525,0.0,0.0,11.724431750152778,126.917625,0.0,15,138.61575999999997,9.241050666666665,80,5.333333333333333,80,100.27205000000002,72.33813096000054,138.61575999999997,100.27205000000002,166.78214000000003,1.6632964021379835,4,odVan04,1.7326969999999995
5x5_DRT15,drt,145,149,4,97.31543624161074,145,0,100.0,724.0068965517241,389.2551724137931,334.75172413793103,2.173558689655173,0.0,0.0,11.20002053008752,143.56213793103447,143.56213793103447,0.0,0,0,0,0,0,0,0,724.0068965517241,0.0,0.0,11.200020530087519,143.56213793103447,0.0,15,255.11795,17.007863333333333,145,9.666666666666666,145,187.82000000000002,73.6208487093911,255.11795,187.82000000000002,316.83378,1.6869011819827493,5,odVan04,1.7594341379310345
5x5_DRT15,drt,132,132,0,100.0,132,0,100.0,686.8257575757576,367.4318181818182,319.3939393939394,2.0892492424242426,0.0,0.0,11.54068052552929,135.3594696969697,135.3594696969697,0.0,0,0,0,0,0,0,0,686.8257575757576,0.0,0.0,11.54068052552929,135.3594696969697,0.0,15,227.67304000000001,15.178202666666667,132,8.8,132,165.71834,72.78786280536335,227.67304000000001,165.71834,275.78090000000003,1.6641543718094207,5,odVan25,1.7247957575757578
5x5_DRT15,drt,136,136,0,100.0,136,0,100.0,722.0955882352941,382.25,339.84558823529414,2.131884632352941,0.0,0.0,11.07518869414408,146.9964705882353,146.9964705882353,0.0,0,0,0,0,0,0,0,722.0955882352941,0.0,0.0,11.07518869414408,146.9964705882353,0.0,15,222.59971,14.839980666666666,136,9.066666666666666,136,170.68491999999998,76.67796153013855,222.59971,170.68491999999998,289.93631,1.6986638889949974,5,odVan05,1.6367625735294116
5x5_DRT30,drt,149,149,0,100.0,149,0,100.0,688.6711409395973,342.69127516778525,345.97986577181206,2.2346884563758387,0.0,0.0,12.01619280511851,151.29818791946306,151.29818791946306,0.0,0,0,0,0,0,0,0,688.6711409395973,0.0,0.0,12.01619280511851,151.2981879194631,0.0,30,286.41246,9.547082,149,4.966666666666667,149,204.07333999999997,71.25155798040349,286.41246,204.07333999999997,332.96858,1.6316123409358616,4,odVan11,1.9222312751677852
5x5_DRT30,drt,132,132,0,100.0,132,0,100.0,723.9318181818181,375.65909090909093,348.27272727272725,2.210925681818182,0.0,0.0,11.395254644687798,152.7030303030303,152.7030303030303,0.0,0,0,0,0,0,0,0,723.9318181818181,0.0,0.0,11.3952546446878,152.7030303030303,0.0,30,239.56835,7.985611666666667,132,4.4,132,175.6909,73.33644031024966,239.56835,175.6909,291.84219,1.6611115885910996,4,odVan11,1.8149117424242425
5x5_DRT30,drt,136,136,0,100.0,136,0,100.0,669.9485294117648,366.38235294117646,303.56617647058823,1.948291911764706,0.0,0.0,10.882264265313806,131.80132352941177,131.80132352941177,0.0,0,0,0,0,0,0,0,669.9485294117648,0.0,0.0,10.882264265313806,131.80132352941177,0.0,30,239.65028999999998,7.9883429999999995,136,4.533333333333333,136,166.00571000000002,69.26998085418549,239.65028999999998,166.00571000000002,264.96770000000004,1.5961360606210473,5,odVan11,1.7621344852941174
5x5_DRT30,drt,181,181,0,100.0,181,0,100.0,745.0110497237569,374.8011049723757,370.2099447513812,2.3098223756906076,0.0,0.0,11.424925652994103,159.53767955801104,159.53767955801104,0.0,0,0,0,0,0,0,0,745.0110497237569,0.0,0.0,11.424925652994103,159.53767955801104,0.0,30,305.83531,10.194510333333334,181,6.033333333333333,181,225.06580000000002,73.59052164382197,305.83531,225.06580000000002,418.07784999999996,1.8575805386691355,5,odVan19,1.6896978453038674
5x5_DRT30,drt,170,170,0,100.0,170,0,100.0,747.1529411764706,383.7352941176471,363.41764705882355,2.2770125294117647,0.0,0.0,11.313605928086396,159.27464705882355,159.27464705882355,0.0,0,0,0,0,0,0,0,747.1529411764706,0.0,0.0,11.313605928086398,159.27464705882352,0.0,30,304.82626999999997,10.160875666666666,170,5.666666666666667,170,220.20966,72.24103749325805,304.82626999999997,220.20966,387.09213,1.7578344655724911,5,odVan10,1.7930957058823527
5x5_DRT30,drt,185,185,0,100.0,185,0,100.0,708.8324324324325,359.36756756756756,349.46486486486486,2.192175567567568,0.0,0.0,11.534224204667073,151.4888108108108,151.4888108108108,0.0,0,0,0,0,0,0,0,708.8324324324325,0.0,0.0,11.53422420466707,151.4888108108108,0.0,30,311.77919999999995,10.392639999999998,185,6.166666666666667,185,231.03110999999998,74.1008733103427,311.77919999999995,231.03110999999998,405.55248,1.7554020322198167,5,odVan20,1.6852929729729726
5x5_DRT30,drt,227,227,0,100.0,227,0,100.0,664.8546255506608,341.18502202643174,323.6696035242291,2.0857654185022025,0.0,0.0,11.52094318753281,141.55008810572687,141.55008810572687,0.0,0,0,0,0,0,0,0,664.8546255506608,0.0,0.0,11.52094318753281,141.55008810572687,0.0,30,413.10329,13.770109666666666,227,7.566666666666666,227,287.24393999999995,69.53320076438992,413.10329,287.24393999999995,473.46875,1.6483158878826132,4,odVan05,1.819838281938326
5x5_DRT30,drt,243,243,0,100.0,243,0,100.0,681.9135802469136,338.1111111111111,343.8024691358025,2.1758219341563785,0.0,0.0,11.818193177778747,144.5681069958848,144.5681069958848,0.0,0,0,0,0,0,0,0,681.9135802469136,0.0,0.0,11.818193177778747,144.5681069958848,0.0,30,377.46165999999994,12.582055333333331,243,8.1,243,279.77769,74.12082329103306,377.46165999999994,279.77769,528.72473,1.8898030432662447,6,odVan08,1.5533401646090532
5x5_DRT30,drt,234,234,0,100.0,234,0,100.0,699.9401709401709,353.6794871794872,346.2606837606838,2.2086410683760684,0.0,0.0,11.64467128592545,149.28764957264957,149.28764957264957,0.0,0,0,0,0,0,0,0,699.9401709401709,0.0,0.0,11.64467128592545,149.28764957264957,0.0,30,351.58399000000003,11.719466333333335,234,7.8,234,268.50585,76.37032903574476,351.58399000000003,268.50585,516.8220100000001,1.9248072621136563,6,odVan11,1.502495683760684
5x5_FixedLow,fixed,35,35,0,100.0,29,6,82.85714285714286,1048.1724137931035,227.0,190.51724137931035,0.6902186206896551,661.5862068965517,762.3058620689654,4.9840522175802215,184.62931034482756,87.99793103448278,96.63206896551723,0,727.8333333333334,727.8333333333334,837.3283333333334,4.15522619321185,108.50333333333333,108.50333333333333,993.2571428571429,672.9428571428572,775.1668571428571,4.84196775625993,171.57914285714284,98.66714285714285,66,95.02433,1.4397625757575758,29,0.4393939393939394,29,16.459849999999996,17.321721710639785,95.02433,16.459849999999996,20.01634,0.2106443686580058,2,f_trunk_h_lr.3,3.276701034482759
5x5_FixedLow,fixed,33,33,0,100.0,27,6,81.81818181818183,945.3703703703703,204.62962962962962,148.40740740740742,0.5370670370370371,623.1111111111111,752.4962962962964,5.031732004302905,171.6714814814815,78.63777777777777,93.03259259259261,0,641.0,641.0,792.0099999999999,4.5417308877799005,86.86500000000001,86.86500000000001,890.030303030303,626.3636363636364,759.680606060606,4.942640892207814,156.2521212121212,91.91121212121212,66,95.87614,1.452668787878788,30,0.45454545454545453,30,11.419389999999998,11.910565026919103,95.87614,11.419389999999998,14.500810000000001,0.15124524203832154,3,f_trunk_v_bt.4,3.1958713333333337
5x5_FixedLow,fixed,21,22,1,95.45454545454545,14,7,66.66666666666666,981.0,224.71428571428572,166.71428571428572,0.6071935714285713,619.5,762.6042857142855,5.044525486461279,172.81928571428574,82.29642857142856,90.52714285714285,0,744.7142857142857,744.7142857142857,870.1714285714286,4.19373971839937,106.7957142857143,106.7957142857143,902.2380952380952,661.2380952380952,798.46,4.760930230440643,150.81142857142856,95.95,66,96.78525,1.4664431818181818,16,0.24242424242424243,16,8.711189999999998,9.00053468891179,96.78525,8.711189999999998,9.250770000000001,0.09558036994273404,2,f_trunk_h_rl.11,6.049078125
5x5_FixedLow,fixed,59,59,0,100.0,46,13,77.96610169491525,1052.9782608695652,252.2608695652174,163.19565217391303,0.6090656521739131,669.1086956521739,766.1978260869566,4.7317112380655075,176.93239130434782,79.53000000000002,97.40499999999999,0,752.7692307692307,752.7692307692307,883.9584615384616,4.293406858824941,114.78923076923077,114.78923076923077,986.8305084745763,687.542372881356,792.1450847457627,4.635135696876908,163.23983050847457,101.23542372881356,66,95.70067,1.4500101515151516,51,0.7727272727272727,51,20.572010000000002,21.496202691161933,95.70067,20.572010000000002,28.01702,0.29275678007269956,4,f_trunk_h_lr.5,1.876483725490196
5x5_FixedLow,fixed,63,64,1,98.4375,47,16,74.60317460317461,942.1276595744681,193.3404255319149,146.36170212765958,0.5106663829787235,635.5957446808511,759.4755319148936,4.918849755556898,174.67382978723404,78.96595744680852,95.71063829787234,0,703.0,703.0,848.755625,4.445216464870262,100.99812500000002,100.99812500000002,881.3968253968254,652.7142857142857,782.1498412698413,4.798561935699976,155.96253968253967,97.05349206349206,66,96.78526000000001,1.4664433333333335,49,0.7424242424242424,49,16.528999999999996,17.07801373886891,96.78526000000001,16.528999999999996,24.75132,0.25573439591937863,3,f_trunk_h_lr.11,1.9752093877551022
5x5_FixedLow,fixed,63,63,0,100.0,47,16,74.60317460317461,969.7234042553191,227.19148936170214,156.5744680851064,0.5479019148936171,622.4893617021277,723.4053191489361,4.802724749201637,180.94510638297874,83.30659574468088,97.63872340425532,0,719.25,719.25,894.7049999999999,4.493170703277282,94.14125,94.14125,906.1111111111111,647.063492063492,766.9100000000001,4.72410784864942,158.89968253968254,96.75047619047619,66,93.02294,1.4094384848484849,50,0.7575757575757576,50,18.46752,19.8526513997515,93.02294,18.46752,25.75139,0.276828382332358,3,f_trunk_h_lr.4,1.8604588000000002
5x5_FixedLow,fixed,102,102,0,100.0,71,31,69.6078431372549,1034.4366197183099,250.57746478873239,169.2394366197183,0.6023663380281689,647.1830985915493,764.3785915492957,4.759708232826933,182.12070422535214,86.11084507042254,96.01183098591547,0,695.0645161290323,695.0645161290323,828.6100000000001,4.353543691593493,97.75774193548385,97.75774193548385,931.2941176470588,661.7352941176471,783.8999019607843,4.636266068334416,156.48098039215685,96.54245098039216,66,94.26372,1.428238181818182,77,1.1666666666666667,77,27.140169999999998,28.791745116785115,94.26372,27.140169999999998,42.76801,0.45370594328337555,4,f_trunk_h_lr.9,1.2242041558441559
5x5_FixedLow,fixed,94,94,0,100.0,69,25,73.40425531914893,979.8985507246376,199.2753623188406,161.97101449275362,0.5616317391304347,650.9565217391304,746.2768115942029,4.924527627448842,183.4391304347826,86.26971014492754,97.17115942028985,0,727.72,727.72,862.7259999999999,4.35496599305766,102.01520000000001,102.01520000000001,912.8297872340426,671.3723404255319,777.2473404255319,4.773048469366082,161.78382978723405,98.4594680851064,66,93.16607,1.4116071212121213,74,1.121212121212121,74,24.27511000000001,26.0557411083241,93.16607,24.27511000000001,38.75259,0.41595175153357866,5,f_trunk_h_lr.10,1.259000945945946
5x5_FixedLow,fixed,80,80,0,100.0,63,17,78.75,919.5555555555555,198.63492063492063,152.06349206349208,0.5436836507936508,599.2857142857143,695.5025396825398,4.956523860799567,168.71873015873018,79.10460317460321,89.615873015873,0,662.9411764705883,662.9411764705883,811.9111764705882,4.4503908702626145,93.99352941176471,93.99352941176471,865.025,612.8125,720.239375,4.848970600310466,152.839625,90.54612499999999,66,93.89601,1.4226668181818183,66,1.0,66,20.846850000000003,22.20206162114876,93.89601,20.846850000000003,34.252069999999996,0.3647872790334754,4,f_trunk_h_rl.10,1.4226668181818183
5x5_FixedLow,fixed,148,149,1,99.32885906040268,107,41,72.2972972972973,997.196261682243,213.83177570093457,163.6728971962617,0.5772729906542056,651.8411214953271,769.9660747663551,4.949139756083366,181.9441121495327,84.9285046728972,97.01663551401867,0,708.9512195121952,708.9512195121952,864.8614634146342,4.429754818015562,99.63585365853659,99.63585365853659,917.3445945945946,667.6621621621622,796.2546621621622,4.805256090807826,159.1425,97.74222972972973,66,96.78527000000001,1.466443484848485,116,1.7575757575757576,116,28.143949999999993,29.078753409480584,96.78527000000001,28.143949999999993,62.518260000000005,0.6459480869351296,7,f_trunk_v_tb.5,0.8343557758620691
5x5_FixedLow,fixed,132,132,0,100.0,95,37,71.96969696969697,946.6947368421053,195.33684210526314,159.83157894736843,0.5658228421052631,616.021052631579,735.3852631578947,5.040058836401714,171.09905263157896,85.03978947368422,86.06063157894738,0,751.5675675675676,751.5675675675676,909.081081081081,4.3899350597897815,111.46378378378378,111.46378378378378,892.0,654.0151515151515,784.0727272727273,4.857827171745339,154.38310606060605,93.18121212121213,66,93.38039,1.414854393939394,108,1.6363636363636365,108,25.69566,27.517190707813494,93.38039,25.69566,53.75317000000001,0.5756365977910353,11,f_trunk_v_bt.11,0.8646332407407408
5x5_FixedLow,fixed,132,136,4,97.05882352941177,96,36,72.72727272727273,920.4895833333334,209.04166666666666,151.97916666666666,0.5443002083333335,589.53125,697.8708333333334,4.940785323192927,167.6190625,78.71708333333333,88.90291666666667,0,748.1111111111111,748.1111111111111,900.5652777777777,4.37184283978619,103.13555555555556,103.13555555555556,873.4772727272727,632.780303030303,753.1511363636364,4.7856191913547255,150.0326515151515,92.78454545454545,66,96.31660000000001,1.4593424242424244,105,1.5909090909090908,105,29.11568,30.229140148219518,96.31660000000001,29.11568,55.00303000000001,0.5710649046997092,4,f_trunk_h_lr.5,0.9173009523809524
5x5_FixedHigh,fixed,149,149,0,100.0,137,12,91.94630872483222,901.8175182481751,221.67883211678833,187.14598540145985,0.6625603649635037,518.3576642335767,614.3227737226277,5.168167172109882,174.23788321167882,97.60861313868614,76.63021897810219,0,631.9166666666666,631.9166666666666,774.2449999999999,4.493477722934376,89.85666666666667,89.85666666666667,880.0805369127517,527.503355704698,627.2024161073825,5.113829766807157,167.44208053691275,77.69543624161075,194,212.33404000000002,1.0945053608247424,172,0.8865979381443299,172,60.433719999999994,28.46162584199876,212.33404000000002,60.433719999999994,90.77076999999998,0.4274904297021805,4,f_trunk_hrow2_rl.8,1.2345002325581396
5x5_FixedHigh,fixed,132,132,0,100.0,119,13,90.15151515151516,879.5798319327731,220.89915966386553,179.109243697479,0.6449997478991595,501.33613445378154,596.5095798319327,5.176370651962783,166.11731092436975,94.34714285714287,71.77176470588238,0,636.5384615384615,636.5384615384615,774.5830769230768,4.374470060058078,95.73384615384614,95.73384615384614,855.6439393939394,514.6515151515151,614.0471212121212,5.0973955936691375,159.18560606060606,74.13166666666666,194,212.76077000000004,1.0967050000000003,155,0.7989690721649485,155,51.66341000000001,24.282394729065892,212.76077000000004,51.66341000000001,76.75497,0.36075715462018676,5,f_trunk_v_bt.11,1.3726501290322584
5x5_FixedHigh,fixed,136,136,0,100.0,122,14,89.70588235294117,866.7213114754098,222.98360655737704,172.97540983606558,0.618892868852459,493.91803278688525,588.2769672131147,5.06858201062969,163.55721311475406,91.29729508196722,72.26098360655737,0,664.0714285714286,664.0714285714286,820.5414285714287,4.481753219506238,87.72285714285712,87.72285714285712,845.8602941176471,511.43382352941177,612.186544117647,5.008173164484628,155.75073529411765,73.85264705882352,194,217.78202000000005,1.1225877319587632,151,0.7783505154639175,151,54.09937,24.84106355520074,217.78202000000005,54.09937,75.50492999999999,0.3466995576586165,5,f_trunk_vcol2_bt.10,1.442265033112583
5x5_FixedHigh,fixed,181,181,0,100.0,171,10,94.47513812154696,913.0292397660819,230.58479532163742,184.10526315789474,0.658022865497076,523.7251461988304,615.9953801169592,5.095723834944104,172.92473684210526,94.94005847953215,77.98584795321638,0,579.7,579.7,729.034,4.591998342931874,80.09299999999999,80.09299999999999,894.6132596685082,526.817679558011,622.2406077348066,5.06789369726387,167.79591160220994,78.10226519337017,194,216.55914,1.1162842268041238,212,1.092783505154639,212,65.99492000000001,30.474317546698792,216.55914,65.99492000000001,112.52191,0.5195897527114303,5,f_trunk_hrow4_rl.6,1.0215053773584906
5x5_FixedHigh,fixed,170,170,0,100.0,155,15,91.17647058823529,872.483870967742,225.7483870967742,166.1741935483871,0.5967395483870968,503.3741935483871,599.6630967741935,5.008790216466386,161.1285806451613,87.77232258064515,73.35767741935484,0,604.6666666666666,604.6666666666666,735.5740000000001,4.427512741453687,90.89666666666668,90.89666666666668,848.8529411764706,512.3117647058823,611.6552352941177,4.9575010274946765,154.93164705882353,74.90523529411765,194,212.04170000000005,1.0929984536082478,187,0.9639175257731959,187,62.310690000000015,29.386054724141523,212.04170000000005,62.310690000000015,92.49463,0.43620962291851073,5,f_trunk_h_rl.10,1.1339128342245992
5x5_FixedHigh,fixed,185,185,0,100.0,170,15,91.8918918918919,874.7,215.54117647058823,178.2,0.6265113529411764,504.66470588235296,599.2332941176471,5.171044975989916,169.80200000000002,95.66317647058824,74.13982352941177,0,653.2666666666667,653.2666666666667,770.7646666666667,4.318706719416752,84.96466666666669,84.96466666666669,856.7459459459459,516.7135135135135,613.1412432432433,5.101936468700201,162.9232972972973,75.0175135135135,194,215.91920000000002,1.1129855670103093,214,1.1030927835051547,214,68.24442000000002,31.60646204691385,215.91920000000002,68.24442000000002,106.50693,0.49327215921511375,5,f_trunk_h_lr.5,1.0089682242990654
5x5_FixedHigh,fixed,227,227,0,100.0,205,22,90.30837004405286,886.2243902439025,219.51707317073172,179.65365853658537,0.6464539024390243,509.5170731707317,597.4941951219512,5.121785953459722,167.34663414634144,93.39165853658537,73.95570731707318,0,656.7272727272727,656.7272727272727,763.9586363636364,4.224186868040299,86.16045454545454,86.16045454545454,863.9823788546255,523.784140969163,613.6273127753303,5.034793971612906,159.47837004405284,75.13854625550661,182,203.13471,1.1161247802197802,259,1.4230769230769231,259,75.93829000000001,37.38321727488129,203.13471,75.93829000000001,132.52304999999998,0.6523899829822287,7,f_trunk_hrow2_rl.6,0.7843038996138997
5x5_FixedHigh,fixed,242,243,1,99.58847736625515,231,11,95.45454545454545,882.9047619047619,228.995670995671,171.5887445887446,0.6223883549783549,504.38528138528136,591.8958008658009,5.065826075646567,163.24848484848482,90.24095238095238,73.00896103896103,0,569.3636363636364,569.3636363636364,731.68,4.6207505876842765,72.4509090909091,72.4509090909091,868.6528925619834,507.3388429752066,598.2496280991736,5.045595371648281,159.1213223140496,72.9835950413223,194,220.13720000000004,1.1347278350515466,295,1.5206185567010309,295,83.69229000000006,38.018240442778435,220.13720000000004,83.69229000000006,144.52169,0.6565073508702753,7,f_trunk_hrow4_lr.10,0.7462277966101696
5x5_FixedHigh,fixed,234,234,0,100.0,215,19,91.88034188034187,879.1860465116279,218.70697674418605,176.24651162790698,0.6384062325581397,507.553488372093,592.5355813953489,5.102208964848948,167.25916279069767,92.58311627906978,74.67790697674418,0,611.6315789473684,611.6315789473684,731.5094736842104,4.385304080535262,80.58210526315789,80.58210526315789,857.4615384615385,516.0042735042736,603.8197863247863,5.043998739199546,160.22128205128206,75.1573076923077,194,214.24835000000002,1.10437293814433,279,1.4381443298969072,279,77.39946999999995,36.12605184590684,214.24835000000002,77.39946999999995,137.25734,0.6406459606340025,6,f_trunk_vcol2_tb.7,0.7679152329749105
5x5_DRT15,drt,149,149,0,100.0,149,0,100.0,687.7248322147651,365.1677852348993,322.5570469798658,2.1432176510067116,0.0,0.0,11.726695238237149,133.02859060402685,133.02859060402685,0.0,0,0,0,0,0,0,0,687.7248322147651,0.0,0.0,11.726695238237149,133.02859060402685,0.0,15,265.44217000000003,17.69614466666667,149,9.933333333333334,149,190.75701,71.86386774942352,265.44217000000003,190.75701,319.33942999999994,1.6740639308615706,4,odVan04,1.7814910738255036
5x5_DRT15,drt,132,132,0,100.0,132,0,100.0,606.810606060606,299.99242424242425,306.8181818181818,2.0092403787878785,0.0,0.0,12.236720208827393,126.99249999999999,126.99249999999999,0.0,0,0,0,0,0,0,0,606.810606060606,0.0,0.0,12.236720208827393,126.99249999999999,0.0,15,222.22594999999995,14.815063333333331,132,8.8,132,161.91233999999997,72.85933078472608,222.22594999999995,161.91233999999997,265.21972999999997,1.6380451916141785,5,odVan13,1.683529924242424
5x5_DRT15,drt,136,136,0,100.0,136,0,100.0,680.1764705882352,372.6764705882353,307.5,1.9771744852941173,0.0,0.0,10.947657297783822,128.15757352941176,128.15757352941176,0.0,0,0,0,0,0,0,0,680.1764705882352,0.0,0.0,10.94765729778382,128.15757352941176,0.0,15,222.01276,14.800850666666665,136,9.066666666666666,136,164.57034000000002,74.12652317821734,222.01276,164.57034000000002,268.89572999999996,1.6339258337802542,4,odVan04,1.6324467647058822
5x5_FixedLow,fixed,148,149,1,99.32885906040268,109,39,73.64864864864865,973.0825688073395,205.8256880733945,166.9816513761468,0.5873288073394495,631.605504587156,750.5473394495414,5.057792390106558,180.31027522935784,85.34018348623854,94.97220183486237,0,717.2051282051282,717.2051282051282,876.8258974358974,4.439766236158501,93.19307692307692,93.19307692307692,905.6554054054054,654.1621621621622,783.8234459459459,4.894934146836462,157.3537162162162,94.50337837837837,66,96.32202000000001,1.4594245454545456,115,1.7424242424242424,115,31.266830000000002,32.46072912507441,96.32202000000001,31.266830000000002,64.51885,0.6698245115706668,10,f_trunk_v_tb.8,0.8375827826086958
5x5_FixedLow,fixed,132,132,0,100.0,98,34,74.24242424242425,977.6734693877551,217.3673469387755,153.8469387755102,0.5765672448979592,631.4489795918367,740.8810204081632,4.958322736900852,166.6915306122449,77.8469387755102,88.8457142857143,0,740.2647058823529,740.2647058823529,902.6002941176471,4.435512156948043,105.55558823529411,105.55558823529411,916.5227272727273,659.4772727272727,782.5359848484849,4.823659405700886,150.94439393939393,93.14977272727273,66,93.10622000000001,1.4107003030303031,114,1.7272727272727273,114,28.838729999999998,30.97401011446925,93.10622000000001,28.838729999999998,56.50359,0.6068723442966538,10,f_trunk_v_bt.11,0.8167212280701756
5x5_FixedLow,fixed,133,136,3,97.79411764705883,95,38,71.42857142857143,928.3473684210526,214.14736842105262,158.2,0.5474046315789474,586.1894736842105,693.6035789473685,4.87183974604683,173.95505263157895,84.9361052631579,89.02084210526313,0,762.9473684210526,762.9473684210526,904.9663157894737,4.299597197215777,110.57236842105263,110.57236842105263,881.0902255639098,636.6917293233083,753.9929323308271,4.708341874952243,155.84571428571428,95.17842105263158,66,96.78524000000002,1.4664430303030305,104,1.5757575757575757,104,28.431019999999993,29.37536756637684,96.78524000000002,28.431019999999993,54.003550000000004,0.5579729925761407,6,f_trunk_h_rl.10,0.9306273076923078
5x5_FixedLow,fixed,35,35,0,100.0,27,8,77.14285714285715,1011.0,227.40740740740742,167.77777777777777,0.6487566666666666,647.3333333333334,765.941111111111,5.079575667825217,169.4537037037037,74.34222222222222,95.11259259259258,0,819.0,819.0,909.85625,4.089837418871829,128.09125,128.09125,967.1142857142858,686.5714285714286,798.8359999999999,4.853349782350157,159.99942857142855,102.65057142857142,62,86.89826000000001,1.4015848387096776,28,0.45161290322580644,28,14.504059999999999,16.690852037773826,86.89826000000001,14.504059999999999,17.516429999999996,0.20157400159680983,2,f_trunk_h_lr.3,3.103509285714286
5x5_FixedLow,fixed,33,33,0,100.0,26,7,78.78787878787878,962.6153846153846,199.03846153846155,144.65384615384616,0.5192657692307693,649.0769230769231,782.6780769230768,5.0121305057982735,172.2780769230769,77.27923076923078,95.00153846153846,0,690.1428571428571,690.1428571428571,785.8171428571428,4.128114540503424,95.39857142857143,95.39857142857143,904.8181818181819,657.7878787878788,783.3439393939393,4.824611967705426,155.97030303030306,95.08575757575757,66,95.86512000000002,1.4525018181818186,28,0.42424242424242425,28,10.211839999999999,10.652299814572805,95.86512000000002,10.211839999999999,13.500910000000001,0.14083234861647279,3,f_trunk_v_bt.4,3.423754285714286
5x5_FixedLow,fixed,22,22,0,100.0,16,6,72.72727272727273,1066.25,242.25,173.3125,0.6094231250000001,685.0625,793.1925,4.773907334283748,191.75375,90.07062499999999,101.68312499999999,0,651.6666666666666,651.6666666666666,803.0133333333334,4.455950731924548,96.17833333333333,96.17833333333333,953.1818181818181,675.9545454545455,795.8709090909091,4.687191897276693,165.68772727272727,100.18181818181819,66,93.30989000000001,1.4137862121212124,18,0.2727272727272727,18,9.22009,9.88114979023124,93.30989000000001,9.22009,9.750770000000001,0.10449878356945871,2,f_trunk_h_rl.11,5.183882777777779
